ID,PW,DT
0,63236975,user_00000
1,88495008,user_00001
2,36383414,user_00002
3,69683153,user_00003
4,51780576,user_00004
5,28144391,user_00005
6,28604604,user_00006
7,38866935,user_00007
8,89851456,user_00008
9,99920096,user_00009
10,26378407,user_00010
11,48324309,user_00011
12,90798623,user_00012
13,30383089,user_00013
14,71486661,user_00014
15,32483438,user_00015
16,51163696,user_00016
17,21188435,user_00017
18,69000471,user_00018
19,88641067,user_00019
20,81365782,user_00020
21,35882185,user_00021
22,69845520,user_00022
23,51800186,user_00023
24,63513087,user_00024
25,82052855,user_00025
26,82445214,user_00026
27,63377749,user_00027
28,13202990,user_00028
29,40463483,user_00029
30,48285741,user_00030
31,44174110,user_00031
32,43409689,user_00032
33,91674600,user_00033
34,67974333,user_00034
35,13100817,user_00035
36,22546205,user_00036
37,60476425,user_00037
38,91771950,user_00038
39,93185066,user_00039
40,88376842,user_00040
41,80742456,user_00041
42,55485629,user_00042
43,44573240,user_00043
44,75554623,user_00044
45,31348715,user_00045
46,19556789,user_00046
47,50181343,user_00047
48,28867617,user_00048
49,55794493,user_00049
50,89156879,user_00050
51,39358701,user_00051
52,82109425,user_00052
53,10127267,user_00053
54,26551982,user_00054
55,39905533,user_00055
56,55123252,user_00056
57,44106303,user_00057
58,68338172,user_00058
59,80961390,user_00059
